eng_name,kor_name
A TESTONI,아 테스토니
ABATE,아바테
ACNE STUDIOS,아크네 스튜디오스
ACQUA DI PARMA,아쿠아 디 파르마
Add'l,애드엘
AERO,아에로
AF VANDEVORST,에이에프 반데보스트
AGANOVICH,아가노비치
AGENT PROVOCATEUR,에이전트 프로보케이터
AGNONA,아그노나
AIGLE,에이글
AIGNER,아이그너
AKRIS,아크리스
ALAA,알라이아
ALAIA,알라이아
Alanui,알라누이
ALBA MODA,알바 모다
ALBERTA FERRETTI,알베르타 페레티
ALBERTO BIANI,알베르토 비아니
ALBERTO GUARDIANI,알베르토 과르디아니
ALDEN,알덴
ALESSANDRO DELL'ACQUA,알레산드로 델라쿠아
ALESSANDRO GHERARDI,알레산드로 게라르디
ALEXANDER MCQUEEN,알렉산더 맥퀸
ALEXANDER WANG,알렉산더 왕
ALLEGRI,알레그리
ALPHA INDUSTRIES,알파 인더스트리
ALPHA STUDIO,알파 스튜디오
ALTEA,알테아
ALVIERO MARTINI,알비에로 마르티니
AMBUSH,앰부시
AMI,아미
AMI PARIS,아미 파리스
AMINA MUADDI,아미나무아디
Amiri,아미리
ANDREA INCONTRI,안드레아 인콘트리
ANDREA POMPILIO,안드레아 폼필리오
ANDREA VENTURA,안드레아 벤투라
ANDREATURCHI,안드레아투르치
ANGELO FIGUS,안젤로 피구스
ANGELO MARANI,안젤로 마라니
ANIYE BY,아니예 바이
ANNECLAIRE,앤클레어
ANTEPRIMA,안테프리마
ANTICA CUOIERIA,안티카 쿠오이에리아
ANTONELLI,안토넬리
ANTONELLI FIRENZE,안토넬리 피렌체
ANTONIO BERARDI,안토니오 베라르디
ANTONIO CROCE,안토니오 크로체
ANTONIO MARRAS,안토니오 마라스
ANYA HINDMARCH,아냐 힌드마치
apc,아페쎄
AQUAZZURA,아쿠아쥬라
ARCHETYP,아케타입
ARENA,아레나
ARMANI,아르마니
ARMANI COLLEZIONI,아르마니 콜레지오니
ARMANI JUNIOR,아르마니 주니어
ARTEMIS,아르테미스
ARTHUR ARBESSER,아서 아베서
ASPESI,아스페시
ASTRAET,아스트레트
ATOS LOMBARDINI,아토스 롬바르디니
ATP ATELIER,아뜰리에
ATTICO,아티코
AU JOUR LE JOUR,오 주르 르 주르
AUTRY,오트리
AVANT TOI,아방 토이
AVENUE,아베뉴
AVOIR,아부아르
AZZEDINE ALAIA,아제딘 알라이아
BAGUTTA,바구타
BALDAN,발단
BALDININI,발디니니
BALENCIAGA,발렌시아가
BALLANTYNE,발란타인
BALLANTYNE CASHMERE,발란타인 캐시미어
BALLIN,발린
BALLY,발리
BALMAIN,발망
BAOBAO,바오바오 이세이 미야케
BARBA,바르바
BARBA NAPOLI,바르바 나폴리
BARBARA ALAN,바바라 알란
BARBARA BUI,바바라 부이
BARBOUR,바버라
BARENA,바레나
BARK,바크
BARRACUDA,바라쿠다
BARRETT,바렛
BARROW,바로우
BEATRICE B,베아트리체 비
BELSTAFF,벨스타프
BENEDETTA BRUZZICHES,베네데타 브루지케스
BERETTA,베레타
BERLUTI,베를루티
BERNA,베르나
BERNHARD WILLHELM,베른하르트 빌헬름
BERTONI,베르토니
BERWICH,버위치
BETWEEN,비트윈
BIKKEMBERGS,비켐버그
BILLIONAIRE,빌리오네어
BLAUER,블라우어
BLUGIRL,블루걸
BLUMARBLE,블루마블
BLUMARINE,블루마린
BO.BO,보보
Bode,보디
BOGGI MILANO,보기 밀라노
BOGLIOLI,볼리올리
Boldrini Selleria,볼드리니 셀레리아
BOMBOOGIE,봄부기
BONOTTO,보노토
BONTONI,본토니
BORRIELLO,보리엘로
BOSS,보스
BOTTEGA MARTINESE,보테가 마르티네즈
BOTTEGA VENETA,보테가 베네타
BOTTEGA VENETA HOME,보테가 베네타 홈
BOTTICELLI LIMITED,보티첼리 리미티드
BOUTIQUE MOSCHINO,부티크 모스키노
Boyy,보위
BRAGARD,브라가드
BRERA,브레라
BRIAN DALES,브라이언 데일스
BRIGHTON,브라이튼
BRIONI,브리오니
BROOKSFIELD,브룩스필드
BRUNELLO CUCINELLI,브루넬로 쿠치넬리
BRUNO BORDESE,브루노 보르데스
BRUNO MAGLI,브루노 말리
BRUNO MANETTI,브루노 마네티
BUGATTI,부가티
BULLFROG,불프로그
BURBERRY,버버리
BUSCEMI,부스케미
BUTTERO,부테로
C.C.D.P.,C.C.D.P.
C.P. COMPANY,씨.피. 컴퍼니
CABINET,캐비닛
CADINI,카디니
CALVIN KLEIN,캘빈 클라인
CAMICISSIMA,카미치시마
CAMOSHITA,카모시타
CAMPUS,캠퍼스
CANALI,카날리
CANTARELLI,칸타렐리
CAR SHOE,카 슈
CARACTERE,카락테레
Carbotti,카보티
Carhartt,칼하트
CARLA G,카를라 쥐
CARLO PAZOLINI,카를로 파졸리니
CARLOTTA CANEPA,칼로타 카네파
CARMENS,카르멘스
CARNEVALE,카네발레
CAROLINA HERRERA,캐롤리나 헤레라
CARUSO,카루소
casablanca,카사블랑카
CASADEI,카사데이
CASHMERE COMPANY,캐시미어 컴퍼니
CAVALIERI,카발리에리
CAVALLI CLASS,카발리 클래스
CECILIA PRADO,체칠리아 프라도
Celine,셀린느
CERRUTI 1881,체루티 1881
CESARE ATTOLINI,체사레 아톨리니
CESARE PACIOTTI,체사레 파치오티
CHAMPAGNE,샴페인
CHIARA BONI,키아라 보니
CHIARA FERRAGNI,키아라 페라그니
CHIARINI BOLOGNA,키아리니 볼로냐
CHLO,끌로에
chloe,끌로에
CHRISTIAN LOUBOUTIN,크리스찬 루부탱
CHURCH,처치
CHURCH'S,처치스
CIESSE PIUMINI,시에세 피우미니
CINZIA ARAIA,친지아 아라이아
CINZIA ROCCA,친지아 로카
CLIPS,클립스
CLIPS MORE,클립스 모어
COCCINELLE,코치넬레
COLMAR,콜마
COLOMBO,콜롬보
COLOMBO VIA DELLA SPIGA,콜롬보 비아 델라 스피가
COLONNA,콜론나
COMMA,콤마
COMME DES GARCONS,꼼데가르송
COMME DES GARONS,꼼데가르송
COMMON PROJECTS,커먼 프로젝트
COPERNI,코페르니
CORNELIANI,코넬리아니
CORNELIANI CC COLLECTION,코넬리아니 CC 컬렉션
COSTUME NATIONAL,코스튬 내셔널
COSTUME NATIONAL HOMME,코스튬 내셔널 옴므
COURREGES,꾸레쥬
COURRGES,꾸레쥬
CP COMPANY,CP 컴퍼니
CROMIA,크로미아
CRUCIANI,크루치아니
CRUCIANI C,크루치아니 씨
CULT,컬트
CАПОГИ,사포기
D.EXTERIOR,디.익스테리어
D'ACQUASPARTA,닥콰스파르타
D'ACQUASPARTA SHOES,닥콰스파르타 슈즈
DAILY PAPER,데일리 페이퍼
DANIELE ALESSANDRINI,다니엘레 알레산드리니
DANIELE FIESOLI,다니엘레 피에솔리
DANZA,단자
DARK LABEL,다크 라벨
DARKSTAR,다크스타
DAVID NAMAN,데이비드 나만
DAVIDE CENCI,다비데 첸치
DE SIENA,드 시에나
DE TOMASO,데 토마소
DEL SIENA,델 시에나
DELFINA DELETTREZ,델피나 델레트레즈
DES PHEMMES,데 펨메스
DESICA,데시카
DESIGNER'S REMIX,디자이너스 리믹스
DG,디앤지
DIADORA,디아도라
DIADORA HERITAGE,디아도라 헤리티지
DIANA GALLESI,디아나 갈레시
DICKIES,디키즈
DIESEL,디젤
DIESEL BLACK GOLD,디젤 블랙 골드
DIMENSIONE DANZA,디멘시오네 단자
DIOR,디올
DIRK BIKKEMBERGS,더크 비켐버그
DISCLAIMER,디스클레이머
DMITRI,드미트리
DOLCE GABBANA,돌체앤가바나
DOLCE GABBANA JUNIOR,돌체앤가바나 주니어
DOLCEGABBANA,돌체앤가바나
DOMENICO TAGLIENTE,도메니코 탈리엔테
DONATO RICCI,도나토 리치
DONDUP,돈덥
DONDUP DQUEEN,돈덥 디퀸
DOUCALS,두칼스
Dragon Diffusion,드래곤디퓨전
DRIES VAN NOTEN,드리스 반 노튼
Drole De Monsieur,드롤드무슈
DRUMOHR,드루모어
DSQUARED2,디스퀘어드2
DUNHILL,던힐
DV ROMA,디브이 로마
E. MARINELLA,이. 마리넬라
EA7 EMPORIO ARMANI,EA7 엠포리오 아르마니
EASTPAK,이스트팩
EDDY MONETTI,에디 모네티
EDHEN MILANO,에덴 밀라노
Edmmond Studios,에드몬드 스튜디오
EDWARD GREEN,에드워드 그린
EDWIN,에드윈
ELEVENTY,일레븐티
ELISABETTA FRANCHI,엘리사베타 프랑키
EMANUELE BICOCCHI,에마누엘레 비코치
EMANUELE CURCI,에마누엘레 쿠르치
EMANUELE MAFFEIS,에마누엘레 마페이스
EMIDIO TUCCI,에미디오 투치
EMILIO PUCCI,에밀리오 푸치
EMMANUEL,엠마누엘
EMPORIO ARMANI,엠포리오 아르마니
EMPORIO ARMANI EA7,엠포리오 아르마니 EA7
ENTIRE STUDIOS,엔타이어 스튜디오
EQUIPMENT,이큅먼트
ERMANNO SCERVINO,에르마노 세르비노
ERMENEGILDO ZEGNA,에르메네질도 제냐
ERMENEGILDO ZEGNA COUTURE,에르메네질도 제냐 쿠튀르
ERNESTO ESPOSITO,에르네스토 에스포시토
ESSENTIEL,에센셜
ESTATE,에스테이트
ETIQUETA NEGRA,에티케타 네그라
ETRO,에트로
EUREKA,유레카
F.LLI CERRUTI DAL 1881,F.LLI 체루티 달 1881
FABI,파비
FABIANA FILIPPI,파비아나 필리피
FABRIZIO DEL CARLO,파브리지오 델 카를로
FABRIZIO LENZI,파브리지오 렌지
FABRIZIO VITI,파브리지오 비티
FAITH CONNEXION,페이스 커넥션
FALIERO SARTI,팔리에로 사르티
FAUSTO PUGLISI,파우스토 풀리시
FAY,페이
FEAR OF GOD ESSENTIALS,피오갓
FEDELI,페델리
FEDERICA TOSI,페데리카 토시
Federico Cina,페데리코 치나
FELIPE OLIVEIRA BAPTISTA,펠리페 올리베이라 바티스타
FELISI,펠리시
FENDI,펜디
FENDI CASA,펜디 카사
FENDI KIDS,펜디 키즈
FERR,페레
FERRAGAMO,페라가모
FERRANTE,페란테
FERRARI,페라리
FERRETTI,페레티
FILIPPA K,필리파 케이
FILSON,필슨
FINAMORE,피나모레
FIORENTINI + BAKER,피오렌티니 + 베이커
FIORUCCI,피오루치
FISICO,피시코
FIT Tops,핏 탑스
FLORSHEIM,플로셤
FOKUS,포커스
FOLKART,포크아트
FONTANA COUTURE,폰타나 쿠튀르
FONTANA MILANO 1915,폰타나 밀라노 1915
FORNASETTI,포르나세티
FORTE FORTE,포르테 포르테
FOSSIL,포실
FRADI,프라디
FRANKIE MORELLO,프랭키 모렐로
FRANKLIN MARSHALL,프랭클린 앤 마샬
FRATELLI PELUSO,프라텔리 펠루소
FRATELLI ROSETTI,프라텔리 로제티
FRATELLI ROSSETTI,프라텔리 로세티
FRED PERRY,프레드 페리
FREDDY,프레디
FREEMAN T. PORTER,프리맨 티. 포터
FRETTE,프레테
FRONT STREET 8,프론트 스트리트 8
FURLA,훌라
FURLA CANDY,풀라 캔디
FUSION,퓨전
GABRIELE COLANGELO,가브리엘레 콜란젤로
GABRIELE PASINI,가브리엘레 파시니
GABRIELLA FRATTINI,가브리엘라 프라티니
GALLERY,갤러리
GALLO,갈로
GANNI,가니
GARAVANI,가라바니
GAS,가스
GAVAZZENI,가바제니
GAZZARRINI,가자리니
GCDS,지씨디에스
GEDEBE,게데베
GENNY,제니
GEOSPIRIT,지오스피릿
GEOX,제옥스
GHERARDINI,게라르디니
GHIDINELLI,기디넬리
GHUD,고우드
GHURKA,구르카
GIADA,지아다
GIAMBATTISTA VALLI,잠바티스타 발리
GIANCARLO PAOLI,잔카를로 파올리
GIANMARCO LORENZI,잔마르코 로렌지
GIANMARCO VENTURI,잔마르코 벤투리
GIANNI CHIARINI,지안니 키아리니
GIANNI LUPO,지안니 루포
GIANNI VERSACE,지안니 베르사체
GIANNICO,지아니코
GIANVITO ROSSI,지안비토 로시
GIEVES HAWKES,지브스 앤 호크스
GIGI HADID,지지 하디드
GIGLI,질리
GILDA,길다
GILMAR,질마르
GIMO'S,지모스
GINGER,진저
GIORGIA JOHNS,조르지아 앤 존스
GIORGIO ARMANI,조르지오 아르마니
GIORGIO BRATO,조르지오 브라토
GIORGIO GRATI,조르지오 그라티
GIOSEPPO,지오세포
GIOVANNI CONTI,지오반니 콘티
GIUSEPPE ZANOTTI,쥐세페 자노티
GIVENCHY,지방시
GLAMOROUS,글래머러스
GOBI,고비
GOLDEN GOOSE,골든 구스
GOLDEN POINT,골든 포인트
GOLF CLUB,골프 클럽
GORE-TEX,고어텍스
GRAN SASSO,그란 사소
GRENSON,그렌슨
GRIFONI,그리포니
G-STAR RAW,지-스타 로우
GUCCI,구찌
GUCCI BEAUTY,구찌 뷰티
GUCCI HOME,구찌 홈
GUCCI KIDS,구찌 키즈
GUESS,게스
GUGLIELMINOTTI,구글리엘미노티
GUIDI,구이디
GUILD PRIME,길드 프라임
GUM,검
GUNEX,구넥스
HACHE,아체
HANITA,하니타
HARRIS WHARF LONDON,해리스 워프 런던
HEDGREN,헤드그렌
HELMUT LANG,헬무트 랭
HENDERSON,헨더슨
HENRY BEGUELIN,헨리 베겔린
HENRY COTTON'S,헨리 코튼스
HEREU,헤레우
HERNO,헤르노
HERNO LAMINAR,헤르노 라미나르
HERON PRESTON,헤론 프레스톤
HERVE,에르베
HEV,헤보
HIBOURAMA,히보우라마 
HIDEJACK,하이드앤잭
HILFIGER COLLECTION,힐피거 컬렉션
HILTON,힐튼
HISTORY REPEATS,히스토리 리피츠
HI-TEC,하이텍
HOGAN,호간
HOGAN REBEL,호간 리벨
HOMERS,호머스
HOMME PLISSE ISSEY MIYAKE,이세이미야케 옴므플리세 플리츠
HUGO,휴고 보스
HYDROGEN,하이드로젠
Ibeliv,이벨리브
ICE PLAY,아이스 플레이
ICEBERG,아이스버그
IL BISONTE,일 비종떼
ILARIA NISTRI,일라리아 니스트리
IM ISOLA MARRAS,아임 이솔라 마라스
IMPERIAL,임페리얼
IMPULSE,임펄스
INCOTEX,인코텍스
INDIPENDENCE,인디펜던스
INGRAM,인그램
INNERRAUM,이너라움
INTER,인터
INVICTA,인빅타
IPANEMA,이파네마
ISABEL BENENATO,이자벨 베네나토
ISABEL MARANT,이자벨 마랑
ISAIA,이사이아
ISOLA MARRAS,이솔라 마라스
ITALIANA,이탈리아나
IVANO REDAELLI,이바노 레다엘리
J.CREW,제이크루
J.W.ANDERSON,제이더블유앤더슨
JACOB COHEN,야콥 코헨
JACQUEMUS,자크뮈스
JAGGY,재기
JAMES PERSE,제임스 퍼스
JECKERSON,제커슨
JEREMY SCOTT,제레미 스콧
Jil Sander,질샌더
JIL SANDER NAVY,질 샌더 네이비
JIMMY CHOO,지미 추
JIMMY CHOO LONDON,지미 추 런던
JO GHOST,조 고스트
JO NO FUI,조 노 퓌
JOHN ELLIOTT,존 엘리엇
JOHN RICHMOND,존 리치몬드
JOHN RICHMOND BEACHWEAR,존 리치먼드 비치웨어
JOHN VARVATOS,존 바바토스
JORDAN,조던
JOSEPH,조셉
JOSHUA SANDERS,조슈아 샌더스
JUCCA,주카
JUST CAVALLI,저스트 카발리
JW ANDERSON,앤더슨
KANGOL,캉골
Kaptain Sunshine,캡틴 선샤인
KAREN MILLEN,카렌 밀렌
KARL LAGERFELD,칼 라거펠트
KARTELL,카르텔
KATE SPADE,케이트 스페이드
KENZO,겐조
KENZO KIDS,켄조 키즈
Khaite,케이트
KIDSUPER,키드슈퍼
KIPTIME,킵타임
KIRED,키레드
KIT WILLOW,키트 윌로우
KITON,키톤
KNZ,케엔지
KRIZIA,크리지아
KSUBI ICONS,수비 아이콘스
K-WAY,케이웨이
L.B.M. 1911,L.B.M. 1911
L4K3,레이크
LA FABBRICA DEL LINO,라 파브리카 델 리노
LA MARTINA,라 마르티나
LA PERLA,라 페를라
LA PERLA BEACHWEAR,라 페를라 비치웨어
LABELS LAB,레이블스 랩
LABORATORIO PARAVICINI,라보라토리오 파라비치니
LABORATORY,래버러토리
LACOSTE,라코스테
L'AGENCE,라젠스
LAMBORGHINI,람보르기니
LANIFICIO COLOMBO,라니피치오 콜롬보
LANIFICIO ROMA,라니피시오 로마
LANIFICIO ZIGNONE,라니피시오 지그노네
LANVIN,랑방
LANVIN COLLECTION,랑방 컬렉션
LANVIN PETITE,랑방 쁘띠
L'APPARTEMENT,라파트망
LARDINI,라르디니
LARDINI SARTORIA,라르디니 사르토리아
LARIANNA,라리안나
LAURA BIAGIOTTI,라우라 비아지오티
LAURA STRAMBI,라우라 스트람비
LAUREL,로렐
LAURENCE DACADE,로렌스 다카드
L'AUTRE CHOSE,로트레 초즈
LE BEBE,르 베베
LE COEUR TWINSET,르 쾨르 트윈셋
LE SILLA,르 실라
Le Tanneur,르 테너
LEATHER CROWN,레더 크라운
LEATHEROTICS,레더로틱스
LEMAIRE ,르메르
LEO STUDIO DESIGN,레오 스튜디오 디자인
LES COPAINS,레 코팽
LES COPAINS BLUE,레 코팽 블루
LES HOMMES,레 옴므
LES HOMMES URBAN,레 옴므 어반
LESSMORE,레스모어
LEVIS RED TAB,리바이스 레드 탭
LGR,엘지알
LIBERTY LONDON,리버티 런던
L'IMPERMEABILE,림페르메아블레
LIU JO,리우 조
LIVIANA CONTI,리비아나 콘티
L'LEGACY,레거시
LOEWE,로에베
LONGCHAMP,롱샴
L'ORAL,로레알
LORENA ANTONIAZZI,로레나 안토니아찌
LORENZINI,로렌지니
LORETTA CAPONI,로레타 카포니
LORIBLU,로리블루
LORO PIANA,로로 피아나
LOVE MOSCHINO,러브 모스키노
LUBIAM,루비암
LUCIANO BARBERA,루치아노 바르베라
LUCIANO PADOVAN,루치아노 파도반
LUIGI BORRELLI,루이지 보렐리
LUISA BECCARIA,루이사 베카리아
LUNATIC,루나틱
M MISSONI,엠 미쏘니
MAGLIANO,마리아노
MAISON KITSUN,메종 키츠네
MAISON KITSUNE,메종 키츠네
MAISON MARGIELA,메종 마르지엘라
MALIPARMI,말리파르미
MALLONI,말로니
MALO,말로
MALONE SOULIERS,말론 슐리에
MANEBI,마네비
MANILA GRACE,마닐라 그레이스
MANILA GRACE DENIM,마닐라 그레이스 데님
MANOLO BLAHNIK,마놀로 블라닉
MANTELLASSI 1926,만텔라시 1926
MANUEL BARCEL,마누엘 바르셀로
MANUEL RITZ,마누엘 리츠
MANZONI 24,만조니 24
Marant,이자벨마랑
MARANT ETOILE,아자벨마랑 에뚜왈
MARC JACOBS,마크 제이콥스
MARCELLA,마르셀라
MARCELO BURLON,마르셀로 불론
MARCELO BURLON KIDS,마르셀로 버론 키즈
MARCIANO,마르시아노
MARCO BOLOGNA,마르코 볼로냐
MARCO PESCAROLO,마르코 페스카롤로
MARCO PROIETTI DESIGN,마르코 프로이에티 디자인
MARCO RAMBALDI,마르코 람발디
MARGAUX LONNBERG,마르고 론베르그
MARIA GRAZIA SEVERI,마리아 그라치아 세베리
MARIELLA BURANI,마리엘라 부라니
MARIELLA ROSATI,마리엘라 로사티
MARINA RINALDI,마리나 리날디
MARINA SPORT,마리나 스포츠
MARINA YACHTING,마리나 요팅
Marine Serre,마린 세르
MARIO VALENTINO,마리오 발렌티노
MARIUCCIA,마리우치아
MARKUS LUPFER,마커스 루퍼
MARNI,마르니
MARNI KIDS,마르니 키즈
MARQUES ALMEIDA,마르케스 알메이다
MARQUES'ALMEIDA,마르케스알메이다
MARSELL,마르셀
MARSILIO,마르실리오
MARSLL,마르셀
MARTINO MIDALI,마르티노 미달리
MARYLING,메리링
MASSIMO ALBA,마시모 알바
MASSIMO DUTTI,마시모 두티
MASSIMO REBECCHI,마시모 레베키
MAURIZIO MIRI,마우리지오 미리
MAURIZIO PECORARO,마우리지오 페코라로
MAURO GRIFONI,마우로 그리포니
MAX MARA,막스 마라
MAX MARA STUDIO,막스마라 스튜디오
MAX MARA WEEKEND,막스마라 위켄드
MAXCO,맥스앤코
MC2 SAINT BARTH,MC2 생 바스
MECHANIC,메카닉
MERCHANT ARCHIVE,머천트 아카이브
MERCI,메르시
MESSAGERIE,메사제리에
METRADAMO,메트라다모
METROCITY,메트로시티
MIAHATAMI,미아하타미
MICHAEL DASS,마이클 다스
Michael Kors,마이클 코어스
MICHAEL KORS,마이클 코어스
MIGUEL PALACIO,미구엘 팔라시오
MIKIO SAKABE,미키오 사카베
MILA SCHN,밀라 쇤
MILENA ANDRADE,밀레나 안드라데
MIMI MA,미미 뮤아
MINIMAL,미니멀
MINIMUM,미니멈
MIRA MIKATI,미라 미카티
MIRANDA KONSTANTINIDOU,미란다 콘스탄티니두
MIRELLA MATTEINI,미렐라 마테이니
MIRIAM STELLA,미리암 스텔라
MISBHV,미스비헤이브
MISSMANIA,미스매니아
MISSONI,미쏘니
MISSONI HOME,미쏘니 홈
MISSONI SPORT,미쏘니 스포츠
MIU MIU,미우미우
MM6 MAISON MARGIELA,엠엠6 메종 마르지엘라
MOMONI,모모니
MONCHO HEREDIA,몬초 헤레디아
MONCLER,몽클레어
MONICA SARTI,모니카 사르티
MONREAL LONDON,몬레알 런던
MONTBLANC,몽블랑
MONTECORE,몬테코어
MONTEFIORE,몬테피오레
MONTEGRAPPA,몬테그라파
MONTEREGGI,몬테레지
MOONBOOT,문부트
MORESCHI,모레스키
MORPHE,모르페
MOSCHINO,모스키노
MOSCHINO COUTURE,모스키노 쿠튀르
MOSCOT,모스콧
MOTIVI,모티비
MOU,모우
MR MRS ITALY,미스터 앤 미세스 이탈리
MSGM,엠에스지엠
MUG,머그
MUGLER,뮤글러
MULBERRY,멀버리
MUUBAA,무바
My Best Bag,마이 베스트 백
MY TWIN TWINSET,마이 트윈 트윈셋
MYRIAM NOURI,미리암 누리
N.D.C. MADE BY HAND,엔.디.씨. 메이드 바이 핸드
NANNI,난니
NANNINI,난니니
NAPAPIJRI,나파피리
NATASHA ZINKO,나타샤 진코
NAUGHTY DOG,노티 독
NAVIGARE,나비가레
NEIL BARRETT,닐 바렛
NEIL BARRETT KIDS,닐 바렛 키즈
NEMO,네모
NENETTE,네넷
NEUTRON,뉴트론
NEW BALANCE,뉴발란스
NEW BALANCE LIFESTYLE,뉴발란스 라이프스타일
NIALAYA,니알라야
NICOLE BONNET,니콜 보넷
NICWAVE,닉웨이브
NINA RICCI,니나 리치
NINE IN THE MORNING,나인인더모닝
NO KA'OI,노 카오이
NO SECRETS,노 시크릿
NO ZONE,노 존
NOA NOA,노아 노아
NOAK,노악
NOBILI,노빌리
NOBIS,노비스
NOIR KEI NINOMIYA,느와 케이 니노미야
NORA BARTH,노라 바스
NORMA KAMALI,노마 카말리
NORTH POLE,노스 폴
NORTH SAILS,노스 세일즈
NORTHLAND,노스랜드
NORTON,노턴
NOSTRASANTISSIMA,노스트라산티시마
NOTE,노트
NOTRE-V,노트르-V
NUDE,누드
NUMERO 00,누메로 00
NUOVA SIMONELLI,누오바 시모넬리
NUOVI ARTIGIANI,누오비 아르티지아니
O.X.S.,오.엑스.에스.
OBLIQUE CREATIONS,오블리크 크리에이션
OFFICINA 36,오피치나 36
OFFICINA SLOWEAR,오피치나 슬로웨어
OFFICINE CREATIVE,오피시네 크리에이티브
OFFICINE GNRALE,오피신 제네랄
OFFSPRING,오프스프링
offwhite,오프 화이트
OFF-WHITE,오프 화이트
OG,오지
OGIO,오지오
OILER BOILER,오일러 앤 보일러
OLD TREND,올드 트렌드
OLGA BERG,올가 베르그
OLIVE,올리브
OLIVER PEOPLES,올리버 피플스
OLIVIA VON HALLE,올리비아 본 할레
OLYMPIA LE-TAN,올림피아 르탄
OLYMPUS,올림푸스
OMEGA,오메가
ONE,원
OPALINE,오팔린
OPENING CEREMONY,오프닝 세레모니
OPINION,오피니언
ORCIANI,오르치아니
ORION LONDON,오리온 런던
ORLEBAR BROWN,올레바 브라운
ORO FIRENZE,오로 피렌체
ORTIGNI,오르티니
ORTYS,오티스
ORWELL,오웰
OSIRIS,오시리스
OTTODAME,오토담
OTTOD'AME,오또다메
OTTOLINGER,오토링거
OTTOTREDICI,오토트레디치
OUTLINE,아웃라인
OUTTHERE,아웃데어
OVERLAP,오버랩
OVYE BY CRISTINA LUCCHI,오비에 바이 크리스티나 루치
OWENS,오웬스
OXFORD,옥스포드
OXYGEN,옥시젠
OZ,오즈
P JEAN,피 진
P.A.DESIGN,피.에이.디자인
P.A.R.O.S.H.,파로쉬
PABLO,파블로
PACIOTTI 308 MADISON NYC,파치오티 308 매디슨 엔와이씨
PACIOTTI 4US,파치오티 4US
PADDING,패딩
PAIGE,페이지
PAL ZILERI,팔 질레리
PALLADIUM,팔라디움
PALM ANGELS,팜 엔젤스
PALM ANGELS X MONCLER,팜 엔젤스 X 몽클레어
PALMERHARDING,팔머하딩
PALOMA BARCEL,팔로마 바르셀로
PALOMA BARCELO,팔로마 바르셀로
PALZILERI,팔질레리
PANIZZA,파니자
PANTANETTI,판타네티
PANTOFOLA D'ORO,판토폴라 도로
PAOLO DA PONTE,파올로 다 폰테
PAOLO FIORILLO,파올로 피오릴로
PAOLO PECORA,파올로 페코라
PAOLO PETRONE,파올로 페트로네
PAOLO PIOVAN,파올로 피오반
PARAJUMPERS,파라점퍼스
PARAKIAN PARIS,파라키안 파리
PARCOATS,파코츠
PAROSH,파로쉬
PARTERRE,파르테르
PASHMINA,파슈미나
PASSEPARTOUT DRESS BY ELISABETTA FRANCHI,파스파투 드레스 바이 엘리사베타 프랑키
PATAGONIA,파타고니아
PATRIZIA FABRI,파트리지아 파브리
PATRIZIA PEPE,파트리지아 페페
PATRIZIA PEPE KIDS,파트리지아 페페 키즈
PATTY,패티
PAUL ANDREW,폴 앤드류
PAUL COSTELLOE,폴 코스텔로
PAUL FRANK,폴 프랭크
PAUL JOE,폴 앤 조
PAUL SHARK,폴앤샤크
PAUL SMITH,폴 스미스
PAULA CADEMARTORI,파울라 카데마르토리
PAULE KA,폴 카
PAURA,파우라
PAVEL YEROKIN,파벨 예로킨
PEDALED,페달드
PEDRO GARCA,페드로 가르시아
PELLETTERIA VENETA,펠레테리아 베네타
PENCE,펜스
PEOPLE OF SHIBUYA,피플 오브 시부야
PESERICO,페세리코
PEUTEREY,페트레이
PHILIPP PLEIN,필립 플레인
PHILIPP PLEIN JUNIOR,필립 플레인 주니어
PHILIPP PLEIN SPORT,필립 플레인 스포츠
PHILIPPE AUDIBERT,필립 오디베르
PHILIPPE MODEL,필립 모델
PHILIPPE MODEL KIDS,필립 모델 키즈
PHILLIP LIM,필립 림
PHILOSOPHY BLUES ORIGINAL,필로소피 블루스 오리지널
PHILOSOPHY DI ALBERTA FERRETTI,필로소피 디 알베르타 페레티
PHILOSOPHY DI LORENZO SERAFINI,필로소피 디 로렌조 세라피니
PHISIQUE DU ROLE,피지크 듀 롤
PIANURASTUDIO,피아누라스튜디오
PICCIONE.PICCIONE,피치오네.피치오네
PIECES,피시스
PIERANTONIO GASPARI,피에란토니오 가스파리
PIERRE BALMAIN,피에르 발망
PIERRE DARR,피에르 다레
PIERRE HARDY,피에르 아르디
PIERRE LOUIS MASCIA,피에르 루이 마샤
PIERRE MANTOUX,피에르 만투
PIETER,피터
PIETRO BRUNELLI,피에트로 브루넬리
PINK MEMORIES,핑크 메모리즈
PINKO,핑코
PINKO BAG,핑코 백
PINKO BLACK,핑코 블랙
PINKO KIDS,핑코 키즈
PINKO TAG,핑코 태그
PINO LERARIO,피노 레라리오
PIOMBO,피옴보
PIQUADRO,피쿠아드로
PIQUET,피켓
PIRELLI PZERO,피렐리 피제로
PISTOLATO,피스톨라토
PIXIE,픽시
PLATFORM,플랫폼
PLAYHAT,플레이햇
PLUS,플러스
POINTER,포인터
POLAR,폴라
POLIX,폴릭스
POLLINI,폴리니
POLLINI BAGS,폴리니 백
POLLINI SHOES,폴리니 슈즈
POLO RALPH LAUREN,폴로 랄프 로렌
POMANDRE,포만데레
POME BOHMIEN,포엠 보헤미안
POMIKAKI,포미카키
PORSCHE DESIGN,포르쉐 디자인
Porter Yoshida,요시다 포터
PORTS 1961,포츠 1961
POST CARD,포스트 카드
POWELL,파웰
POWER,파워
PRADA,프라다
PRADA LINEA ROSSA,프라다 리네아 로사
PRADA SHOES,프라다 슈즈
PRADA SPORT,프라다 스포츠
PREMIATA,프레미아타
PREMIATA WHITE,프레미아타 화이트
PREMIERE LIGNE,프리미에르 리뉴
PRINGLE OF SCOTLAND,프링글 오브 스코틀랜드
PRIVATE,프라이빗
PROENZA SCHOULER,프로엔자 슐러
PROGRESS,프로그레스
PROJECT E,프로젝트 이
PROJECT SINGLE,프로젝트 싱글
PROMOD,프로모드
PROSE,프로즈
PROSPETTIVE,프로스페티브
PROTAGONIST,프로타고니스트
PS PAUL SMITH,폴 스미스
PUCCI,푸치
PUGNAT,퍼그넷
PULCHRUM,풀크럼
PULCHRUM!,풀크럼!
PULL LOVE,풀 러브
PULLBEAR,풀앤베어
PULLOVER,풀오버
PUMA,푸마
PUROTATTO,퓨로타토
PURPLE,퍼플
PURPLE DENIM,퍼플 데님
PURPLE LABEL,퍼플 라벨
PURSUIT,퍼슈트
PYREX,파이렉스
QASIMI,카시미
QUADRA,콰드라
QUATTRO.DECIMI,콰트로.데치미
QUATTROCENTO,콰트로첸토
QUAY EYEWARE,퀘이 아이웨어
QUAY EYEWARE AUSTRALIA,퀘이 아이웨어 오스트레일리아
QUEEN,퀸
QUEEN HELENA,퀸 헬레나
QUEENSWAY,퀸스웨이
QUERINI,퀘리니
QUESTION MARK,퀘스천 마크
QUIKSILVER,퀵실버
QUINTESSENCE,퀸테센스
QUIZ,퀴즈
R.E.D. VALENTINO,R.E.D. 발렌티노
R13,알13
R95TH,알95티에이치
RACHEL ZOE,레이첼 조
RAG BONE,래그 앤 본
RAIMON BUNDO,레이몬 분도
RAINBOW,레인보우
RAINS,레인스
RALPH LAUREN,랄프 로렌
RAMY BROOK,라미 브룩
RANI ARABELLA,라니 아라벨라
RANPOLLO,란폴로
RAOUL,라울
RAPARO,라파로
RAVAZZOLO,라바졸로
Rayon Vert,레이온 버트
REBECCA,레베카
REBECCA MINKOFF,레베카 밍코프
REBECCA TAYLOR,레베카 테일러
REBELLO,레벨로
RED VALENTINO,레드 발렌티노
REDEMPTION,리뎀션
RE-EDITION,리-에디션
REFLEX,리플렉스
REFRESH,리프레시
REGAL,리갈
REGENT,리젠트
REGINA SCHRECKER,레지나 슈레커
RE-HASH,리-해시
RELISH,렐리쉬
RENATO BALESTRA,레나토 발레스트라
RENATO NUCCI,레나토 누치
RENE CAOVILLA,르네 카오빌라
RENE LEZARD,르네 레자드
REPEATS,리피츠
REPETTO,레페토
REPLAY,리플레이
REPRESENT,리프레젠트
Reptiles House,랩틸하우스
RESINE,레진
RESPIRO,레스피로
RETOIS,레토이스
RETRO,레트로
RETRO SUPER FUTURE,레트로 슈퍼 퓨처
REVISE,리바이스
REW,레우
RH45,RH45
RHEA COSTA,레아 코스타
RHUDE,루드
RICCARDO COMI,리카르도 코미
RICCARDO FORCONI,리카르도 포르코니
RICHARD JAMES,리차드 제임스
RICHMOND,리치몬드
RICHMOND DENIM,리치몬드 데님
RICHMOND JUNIOR,리치몬드 주니어
RICHMOND X,리치몬드
RICK OWENS,릭 오웬스
RICK OWENS DRKSHDW,릭 오웬스 다크쉐도우
RICK OWENS LILIES,릭 오웬스 릴리스
RICK OWENS X ADIDAS,릭 오웬스 X 아디다스
RIDERS,라이더스
RIETI,리에티
RINASCIMENTO,리나시멘토
RINDI,린디
RING,링
RIO,리오
RIPA,리파
RIPANI,리파니
RISSKIO,리스키오
RITA ORA,리타 오라
RIVER,리버
RIVER WOODS,리버 우즈
ROBERTO BOTTICELLI,로베르토 보티첼리
ROBERTO BOTTICELLI LIMITED,로베르토 보티첼리 리미티드
ROBERTO CAVALLI,로베르토 카발리
ROBERTO COLLINA,로베르토 콜리나
ROBERTO DEL CARLO,로베르토 델 카를로
ROBERTO FESTA,로베르토 페스타
ROBERTO PEPE,로베르토 페페
ROBERTO QUAGLIA,로베르토 콰글리아
ROBERTO SERPENTINI,로베르토 세르펜티니
ROCCO BAROCCO,로코 바로코
ROCCO P.,로코 P.
ROCCOBAROCCO,로코바로코
ROCHAS,로샤스
ROCHAS PARIS,로샤스 파리
ROCK 'N' ROLL,록 앤 롤
ROCKIT,로킷
ROCKPORT,락포트
RODARTE,로다테
ROGER VIVIER,로저 비비에
ROGIER VIVIER,로저 비비에
ROHKA,로카
ROIDAL,로이달
ROKSANDA,록산다
ROMEO GIGLI,로메오 질리
ROMEO GIGLI PLUS,로메오 질리 플러스
ROMINA CAPONI,로미나 카포니
RON WHITE,론 화이트
RONALD VAN DER KEMP,로날드 반 데르 켐프
ROSA CLARA,로사 클라라
ROSANTICA,로산티카
ROSSANO BISCONTI,로사노 비스콘티
ROSSIGNOL,로시뇰
ROSSIGNOL APPAREL,로시뇰 어패럴
ROSSOPURO,로소푸로
ROTA,로타
ROTATE,로테이트
ROUCHETTE,루셰트
ROUTE DES GARDEN,루트 데 가든
ROXY,록시
ROY ROGERS,로이 로저스
ROYAL,로얄
ROYAL REPUBLIQ,로얄 리퍼블릭
ROYAUMS,로얌스
RUBBER DUCK,러버 덕
RUCO LINE,루코 라인
RUGGER,러거
RUNDHOLZ,룬드홀즈
RUNTS,런츠
RUNWAY,런웨이
RUSCONI,루스코니
RUSH,러쉬
RUSSH,러쉬
RUTH EROTOKRITOU,루스 에로토크리토
RUTZ,루츠
RVE,레브
S MAX MARA,에스 막스 마라
S.MORITZ,S.모리츠
SABRINA SCALA,사브리나 스칼라
SACAI,사카이
SACAI LUCK,사카이 럭
Sacai SPONGE,사카이 스폰지
SADEY WITH LOVE,세이디 위드 러브
SAFILO,사필로
SAGRAMOLA,사그라몰라
SAINT LAURENT,생 로랑
SALAR,살라르
SALAR MILANO,살라르 밀라노
SALICE,살리체
SALT WATER,솔트 워터
SALVATORE FERRAGAMO,살바토레 페라가모
SALVATORE FERRAGAMO EYEWEAR,살바토레 페라가모 아이웨어
SALVATORE FERRAGAMO TIMEPIECES,살바토레 페라가모 타임피스
SALVATORE PICCOLO,살바토레 피콜로
SALVATORE SANTORO,살바토레 산토로
SAM EDELMAN,샘 에델만
SAMSONITE,샘소나이트
SAMSONITE BLACK LABEL,쌤소나이트 블랙 라벨
SAMUEL VANVIER,사무엘 반비에
SAN FRANCISCO,샌프란시스코
SANCIA,산시아
SANDRO,산드로
SANDRO FERRONE,산드로 페로네
SANDRO ROSI,산드로 로시
SANDRO VICARI,산드로 비카리
SANGUE,상구에
SANSEVERO,산세베로
SANTACROCE,산타크로체
SANTINO PUNTO,산티노 푼토
SANTONI,산토니
SANTONI EDITED BY MARCO ZANINI,산토니 에디티드 바이 마르코 자니니
SARA BATTAGLIA,사라 바탈리아
SARA LANZI,사라 란지
SARA ROKA,사라 로카
SARABANDA,사라반다
SARAH PACINI,사라 파치니
SARAHC,사라씨
SARTORIA CAMPO,사르토리아 캄포
SARTORIA LATORRE,사르토리아 라토레
SARTORIO,사르토리오
SATINE,사틴
SATNE,사틴
SAUCONY,소코니
SAVE MY BAG,세이브 마이 백
SAVE THE DUCK,세이브 더 덕
SAVILE ROW,사빌 로우
SAYLOR,세일러
SBU,에스비유
SCAGLIONE,스칼리오네
SCALE,스케일
SCAPA,스카파
SCAPA SPORTS,스카파 스포츠
SCARPA,스카르파
SCEE BY TWINSET,스씨 바이 트윈셋
SCENIC,시닉
SCERVINO STREET,세르비노 스트리트
SCHA,스하
SCHIELD,쉴드
SCHIESSER,쉬저
SCHOTER,쇼터
SCHOTT,쇼트
SCIUSCERT,시우세르트
SCOTCH SODA,스카치 앤 소다
SCOTLAND,스코틀랜드
SCOTT,스콧
SCOUT,스카우트
SCQUADRA 48,스콰드라 48
SCURA,스쿠라
SD,에스디
SD FASHION,SD 패션
SEAFARER,시페어러
SEBASTIAN,세바스찬
SEBASTIAN MILANO,세바스티안 밀라노
SECRET,시크릿
SEFORA,세포라
SELECTION,셀렉션
Self Portrait ,셀프포트레이트
SELF-PORTRAIT,셀프-포트레이트
SEMICOUTURE,세미쿠튀르
SEMI-COUTURE,세미-쿠튀르
SEMPLICE,셈플리체
SENSE,센스
SENSUNIQUE,센스유니크
SEQUENCE,시퀀스
SERAFINI MANHATTAN,세라피니 맨하탄
SERGIO DARICELLO,세르지오 다리첼로
SERGIO LEVANTESI,세르지오 레반테시
SERGIO ROSSI,세르지오 로시
SERGIO ROSSI X MAWI,세르지오 로시 X 마위
SERGIO TEGON,세르지오 테곤
SERGIO TEGON DIFFUSION,세르지오 테곤 디퓨전
SERGIO TOMANI,세르지오 토마니
SERGIO ZAMBON,세르지오 잠본
SERMONETA,세르모네타
SERPUI,세르푸이
SETTANTATRE LR,세탄타트레 LR
SETTE.8,세테.8
SETTECAMINI,세테카미니
SEVENTY,세븐티
SEVERI DARLING,세베리 달링
SHADOW,쉐도우
SHAFT JEANS,샤프트 진스
SHAG,샤그
SHAMAN,샤만
SHANOLA,샤놀라
SHANY BAR,샤니 바
SHARP,샤프
SHIELD,쉴드
SHIFT,쉬프트
SHINE,샤인
SHINOBU ITO,시노부 이토
SHIRT C-ZERO,셔츠 씨-제로
SHOE LAB,슈 랩
SHOES LAB,슈즈 랩
SHOOT,슛
SHOP ART,샵 아트
SHOP GIRL,샵 걸
SHOTO,쇼토
SHOTOF,쇼토프
SHUTTLE,셔틀
SIBEL SARAL,시벨 사랄
SIDNEY,시드니
SIES MARJAN,시에스 마잔
SIGERSON MORRISON,시거슨 모리슨
SIGNATURE,시그니처
SILVESTER,실베스터
SILVESTRE,실베스트
SILVESTRE PREMIUM,실베스트 프리미엄
SILVIA ROSSINI,실비아 로시니
SILVIAN HEACH,실비안 히치
SILVIAN HEACH KIDS,실비안 히치 키즈
SIMON CRACKER,사이먼 크래커
SIMON MILLER,사이먼 밀러
SIMONA BARBIERI,시모나 바르비에리
SIMONA CORSELLINI,시모나 코르셀리니
SIMONE MURPHY,시몬 머피
SIMONE ROCHA,시몬 로샤
SIMONE TESSADORI,시몬 테사도리
SIMONETTA,시모네타
SIMONETTA MINI,시모네타 미니
SIMONETTA RAVIZZA,시모네타 라비자
SIMONETTA RAVIZZA DENIM,시모네타 라비자 데님
SIMONETTA TINY,시모네타 타이니
SIMONGZ,사이몬지
SIMONNA,시몬나
SIMPLE,심플
SINEQUANONE,신쿼노네
SINGLE,싱글
SINK OR SWIM,싱크 오어 스윔
SINQUANONE,시네쿼노운
SISTE' S,시스테 S
SISTER JANE,시스터 제인
SIVIGLIA,시빌리아
SIVIGLIA WHITE,시빌리아 화이트
SIXTH JUNE,식스스 준
SIYU,시유
SKA,스카
SKALL STUDIO,스칼 스튜디오
SKAZI,스카지
SKIMS,스킴스
SKIN,스킨
SKINNY,스키니
SKULL JEANS,스컬 진스
SKY,스카이
SLAMP,슬램프
SLASH,슬래시
SLEEK,슬릭
SLIM,슬림
SLING,슬링
SLIP,슬립
SLOW,슬로우
SMART,스마트
SMASH,스매시
S'MAX MARA,에스맥스 마라
SMILE,스마일
SMINFINITY,SM인피니티
SMOOTH,스무스
SNOBBY SHEEP,스노비 쉽
SNOBS,스놉스
SO NICE,소 나이스
SOALLURE,소얼루어
SOANI,소아니
SOCIETA ANONIMA,소시에타 아노니마
SOFIE D'HOORE,소피 도레
SOHER,소헤르
SOL SOCIETY,솔 소사이어티
SOLADA,솔라다
SOLER,솔러
SOLID STRIPED,솔리드 앤 스트라이프드
SOLIDO,솔리도
SOPHIE,소피
SORELLE SECLI,소렐레 세클리
SOUTH BEACH,사우스 비치
South2 West8,사우스투웨스트에잇
SPACE STYLE CONCEPT,스페이스 스타일 컨셉
SPAGO,스파고
SPALDING,스팔딩
SPALLANZANI,스팔란자니
SPAZIO MARZIO,스파지오 마르지오
SPECTUSSHOECO,스펙터스슈코
SPEDIZIONE,스페디지오네
SPELA,스펠라
SPORTMAX,스포트막스
SPORTY RICH,스포티앤리치
SPRAYGROUND,스프레이그라운드
SPRIT,스프릿
SPUNKY,스펑키
STEFANEL,스테파넬
STEFANIA CARRERA,스테파니아 카레라
STEFANO DE LELLIS,스테파노 데 렐리스
STEFANO RICCI,스테파노 리치
STEFFEN SCHRAUT,스테펜 슈라우트
STEFFIE,스테피
STELLA,스텔라
STELLA JEAN,스텔라 진
STELLA LUNA,스텔라 루나
STELLA MCCARTNEY,스텔라 맥카트니
STELLA McCARTNEY KIDS,스텔라 매카트니 키즈
STELLABERG,스텔라베르그
STEMAR,스테마르
STEPHANIE,스테파니
STEVE'S,스티브스
STILE LATINO,스틸레 라티노
STILE WHIM,스타일 윔
STILEMODA,스틸레
STONE ISLAND,스톤 아일랜드
STONE ISLAND SHADOW PROJECT,스톤 아일랜드 쉐도우 프로젝트
STRATHBERRY,스트라스베리
STUART WEITZMAN,스튜어트 와이츠먼
STUDIO LA PERLA,스튜디오 라 페를라
SUNFLOWER,썬플라워
SUNNEI,써네이
SUPERGA,수페르가
TAGLIATORE,탈리아토레
TATRAS,타트라스
TELA,텔라
The Attico,디 아티코
THE BRIDGE,더 브릿지
THE NORTH FACE,노스페이스
THE ROW,더 로우
THEMOIR,써모어
THEORY,띠어리
thom browne,톰 브라운
THROWBACK,쓰로백
Tods,토즈
TOM FORD,톰 포드
TOMBOLINI,톰볼리니
TOMBOLINI ZERO GRAVITY,톰볼리니 제로 그래비티
TOMMY HILFIGER,타미힐피거
TOMMY JEANS,타미진
TORY BURCH,토리 버치
Toteme,토템
TRE,에트르
TRUSSARDI,트루사디
TRUSSARDI JEANS,트루사디 진
TWINSET,트윈셋
UNDERCOVER,언더커버
VALENTINO,발렌티노
VALENTINO GARAVANI,발렌티노 가라바니
VALEXTRA,발렉스트라
VANESSA BRUNO,바네사 브루노
VANS,반스
VERSACE,베르사체
VERSACE HOME,베르사체 홈
VERSACE JEANS COUTURE,베르사체 진 쿠튀르
VHERNIER,베르니에
VIC MATI,빅 마티
VICINI,비치니
VICTORIA BECKHAM,빅토리아 베컴
VILEBREQUIN,빌보콰
VINCE,빈스
VISION OF SUPER,비전오브슈퍼
VIVETTA,비베타
VIVIENNE WESTWOOD,비비안 웨스트우드
WALES BONNER,웨일즈 보너
WANDLER,반들러
WOOLRICH,울리치
WOOLRICH JOHN RICH BROS,울리치 존 리치 앤 브로스
WOOYOUNGMI,우영미
YEEZY,이지
YOUNG VERSACE,영 베르사체
YPROJECT,와이프로젝트
ZadigVoltaire,쟈딕 앤 볼테르
ZANELLATO,자넬라토
ZANOTTI,자노티
ZEGNA,제냐
ZIMMERMANN,지머만
Serapian,세라피아
MOREAU,메종 모로
Giancarlo Nevola,지안카를로네볼라
CHAMPION,챔피온
MM6,메종 마르지엘라
Aliita,알리타
ALESSANDRA RICH,알렌산드라리치
ALLUJEWELS,알루주얼스
Apm Monaco,에이피엠모나코
ASSOULINE,애술린
CHARLOTTE CHESNAIS,샬롯슈네이
Coach,코치
Jessie Western,제씨 웨스턴
Kapital,캐피탈
LA CARRIE,라캐리
MONIES,머니스
Needles,니들스
Rabanne,라반
SUOT,스와치
Swarovski,스와로브스키
UMA WANG,우마 왕
3JUIN Bea,3주인
7 FOR ALL MANKIND,세븐 포 올 맨카인드
Alberto Fasciani,알베르토파시아니
Angel Alarcon,앙겔알라콘
Ash,아쉬
Astorflex,아스토플렉스
BLUNDSTONE,블런드스톤
Camper,캠퍼
CLARKS,클락스
Del Carlo,데 카를로
DR MARTENS,닥터마틴 
ENES,에네스
FEAR OF GOD,피어오브갓
GAEMME,지에이엠
Halmanera,할마네라
Kassl,카슬
Maretto,마레토
Moma,모마
Moreau Paris,모로 파리
MR MITTENS,미스터 미텐스
Ninalilou,니나릴로우
Our Legacy,아워 레가시
Panchic,팬쉭
Paris Texas,파리텍사스
Pawelks,파웰크
PLEATS PLEASE ISSEY MIYAKE,이세이 미야케
Red Wing Shoes,레드윙
Ren? Caovilla,르네카오빌라
SEFR,세퍼
Skorpios,스콜피오
SONORA,소노라
Stand Studio,스탠드 스튜디오
Sturlini,스투르리니
Trickers,트리커즈
Via Roma 15,비아로마
WEEKEND MAX MARA,위켄드 막스마라
adidas,아디다스
Copenhagen,코펜하겐
DRMARTENS,닥터마틴
Extreme Cashmere,익스트림 캐시미어
Frame,프레임
HED MAYNER,헤드메이너
JEAN PAUL GAULTIER,장폴고티에
KWay,까웨
Maison Mihara Yasuhiro,메종 미하라야스히로
MASHA POPOVA,마샤 포포바
OTTANGE,오땡쥬
PACMAN,팩맨
SAINT MXXXXXX,세인트 미카엘
Sartore,사토레
SEE BY CHLOE,싸바이 끌로에
SETCHU,셋추
Transit,트랜짓
UGG,어그
Allude,얼루드
Arch4,아치4
Auralee,오라리
BASE,베이스
Beams Plus,빔즈 플러스
By Far,바이파
CASTANER,까따네르
Cotton Citizen,코튼 시티즌
DIOTIMA,디오티마
DUNST,던스트
ERMANNO FIRENZE,에르마노 피렌제
HERSKIND,허스카인드
Hosio,호시오
JM WESTON,제이엠웨스통
LISA YANG,리사 양
LOULOU STUDIO,루루 스튜디오
MORDECAI,모르드개
RETROFETE,레트로페테
Ten C,텐씨
Visvim,비즈빔
ANITA BILARDI,아니타 빌라디
BY FAR,바이파
MAGDA BUTRYM,마그다 부트림
MANSUR GAVRIEL,만수르 가브리엘
THEMOIRE,더모아레
Vic Matie,빅마티
Yuzefi,유제피
ZANCHETTI ITALIA,잔체티
BONPOINT,봉쁘앙 
Canada Goose,캐나다구스
IL GUFO,일구포
JAKKE,자케
LEMPELIUS,렘펠리어스
Moorer,무레르
PATOU JP,파투
SEBAGO,세바고
ZANCHETTI,잔체티
GUEST IN RESIDENCE ,게스트 인 레지던스
ALYSI,알리지
AMOMENTO,아모멘토
Barrie,배리
BEYOU,비유
BOGNER,보그너
CT PLAGE,씨티플라주
DANIELA GREGIS,다니엘라 그레지스
DESTIN,데스틴
Gr10K,지알텐케이
Howlin,하울린
Ines,이네스
JeanLuc,몽클레어
John Smedley,존스메들리
JUNYA,준야
MAJESTIC,마제스틱
MARELLA,마렐라
MRZ,엠알지
Nanamica,나나미카
nonnative,논네이티브
PATOU,파투
WE11 DONE,웰던
Zanone,자노네
AGOLDE,에이골디
ALYX,알릭스
AMISH,아미쉬
BAUM UND PFERDGARTEN,바움 운드 페르드가르텐
CHRISTOPHER ESBER,크리스토퍼 에스버
Citizen Of Humanity,시티즌 오브 휴머니티
DARKPARK,다크파크
ERIKA CAVALLINI,에리카 카발리니
GIUSEPPE DI MORABITO,쥬세페 디 모라비토
HAIKURE,하이쿠레
Human Made,휴먼 메이드
IRO,이로
LEVIS,리바이스
MOTHER,마더
PT TORINO,피티 토리노
SAKS POTTS,삭스파츠
Selected,샤틴
True Avenue,트루 에비뉴
WARDROBE,와드로브
BRIGLIA,브릴리아
ARLO,아를로
FURLING BY GIANI,펄링바이지아니
I LOVE MY PANTS,아이러브마이팬츠
